{
    "0x01":{
        "name":"regex",
        "arg_process_fn":"get_filter_arg_regex_by_id"
    },
    "0x02":{
        "name":"xattr",
        "arg_process_fn":"get_filter_arg_regex_by_id"
    },
    "0x03":{
        "name":"file-mode",
        "arg_process_fn":"get_filter_arg_octal_integer"
    },
    "0x04":{
        "name":"ipc-posix-name-regex",
        "arg_process_fn":"get_filter_arg_regex_by_id"
    },
    "0x05":{
        "name":"global-name-regex",
        "arg_process_fn":"get_filter_arg_regex_by_id"
    },
    "0x06":{
        "name":"local-name-regex",
        "arg_process_fn":"get_filter_arg_regex_by_id"
    },
    "0x07":{
        "name":"local",
        "arg_process_fn":"get_filter_arg_network_address"
    },
    "0x08":{
        "name":"remote",
        "arg_process_fn":"get_filter_arg_network_address"
    },
    "0x09":{
        "name":"socket-domain",
        "arg_process_fn":"get_filter_arg_socket_domain"
    },
    "0x0a":{
        "name":"target",
        "arg_process_fn":"get_filter_arg_owner"
    },
    "0x0b":{
        "name":"iokit-user-client-class-regex",
        "arg_process_fn":"get_filter_arg_regex_by_id"
    },
    "0x0c":{
        "name":"extension",
        "arg_process_fn":"get_none"
    },
    "0x0d":{
        "name":"debug-mode",
        "arg_process_fn":"get_none"
    }
}
